{
    "$schema": "https://schema.management.azure.com/schemas/2019-04-01/deploymentTemplate.json#",
    "contentVersion": "1.0.0.0",
    "parameters": {
        "virtualMachines_myBackend_name": {
            "defaultValue": "myBackend",
            "type": "String"
        },
        "disks_myBackend_OsDisk_1_21f286cb925f46e793649b8c7b6c04af_externalid": {
            "defaultValue": "/subscriptions/df6eb991-2127-4ac4-baf6-9e877c414278/resourceGroups/myRGNetwork/providers/Microsoft.Compute/disks/myBackend_OsDisk_1_21f286cb925f46e793649b8c7b6c04af",
            "type": "String"
        },
        "networkInterfaces_myBackend_externalid": {
            "defaultValue": "/subscriptions/df6eb991-2127-4ac4-baf6-9e877c414278/resourceGroups/myRGNetwork/providers/Microsoft.Network/networkInterfaces/myBackend",
            "type": "String"
        }
    },
    "variables": {},
    "resources": [
        {
            "type": "Microsoft.Compute/virtualMachines",
            "apiVersion": "2023-03-01",
            "name": "[parameters('virtualMachines_myBackend_name')]",
            "location": "eastus",
            "properties": {
                "hardwareProfile": {
                    "vmSize": "Standard_D2s_v3"
                },
                "storageProfile": {
                    "imageReference": {
                        "publisher": "MicrosoftSQLServer",
                        "offer": "SQL2016SP1-WS2016",
                        "sku": "Enterprise",
                        "version": "13.2.211109"
                    },
                    "osDisk": {
                        "osType": "Windows",
                        "name": "[concat(parameters('virtualMachines_myBackend_name'), '_OsDisk_1_21f286cb925f46e793649b8c7b6c04af')]",
                        "createOption": "FromImage",
                        "caching": "ReadWrite",
                        "managedDisk": {
                            "id": "[parameters('disks_myBackend_OsDisk_1_21f286cb925f46e793649b8c7b6c04af_externalid')]"
                        },
                        "deleteOption": "Detach"
                    },
                    "dataDisks": []
                },
                "osProfile": {
                    "computerName": "[parameters('virtualMachines_myBackend_name')]",
                    "adminUsername": "Hamza",
                    "windowsConfiguration": {
                        "provisionVMAgent": true,
                        "enableAutomaticUpdates": true,
                        "patchSettings": {
                            "patchMode": "AutomaticByOS",
                            "assessmentMode": "ImageDefault"
                        },
                        "enableVMAgentPlatformUpdates": false
                    },
                    "secrets": [],
                    "allowExtensionOperations": true,
                    "requireGuestProvisionSignal": true
                },
                "networkProfile": {
                    "networkInterfaces": [
                        {
                            "id": "[parameters('networkInterfaces_myBackend_externalid')]"
                        }
                    ]
                }
            }
        }
    ]
}