{
    "$schema": "https://schema.management.azure.com/schemas/2019-04-01/deploymentTemplate.json#",
    "contentVersion": "1.0.0.0",
    "parameters": {
        "virtualNetworks_myVNet_name": {
            "defaultValue": "myVNet",
            "type": "String"
        },
        "networkSecurityGroups_myFrontendNSG_externalid": {
            "defaultValue": "/subscriptions/df6eb991-2127-4ac4-baf6-9e877c414278/resourceGroups/myRGNetwork/providers/Microsoft.Network/networkSecurityGroups/myFrontendNSG",
            "type": "String"
        },
        "networkSecurityGroups_myBackendNSG_externalid": {
            "defaultValue": "/subscriptions/df6eb991-2127-4ac4-baf6-9e877c414278/resourceGroups/myRGNetwork/providers/Microsoft.Network/networkSecurityGroups/myBackendNSG",
            "type": "String"
        }
    },
    "variables": {},
    "resources": [
        {
            "type": "Microsoft.Network/virtualNetworks",
            "apiVersion": "2023-06-01",
            "name": "[parameters('virtualNetworks_myVNet_name')]",
            "location": "eastus",
            "properties": {
                "addressSpace": {
                    "addressPrefixes": [
                        "10.0.0.0/16"
                    ]
                },
                "dhcpOptions": {
                    "dnsServers": []
                },
                "subnets": [
                    {
                        "name": "myFrontendSubnet",
                        "id": "[resourceId('Microsoft.Network/virtualNetworks/subnets', parameters('virtualNetworks_myVNet_name'), 'myFrontendSubnet')]",
                        "properties": {
                            "addressPrefix": "10.0.1.0/24",
                            "networkSecurityGroup": {
                                "id": "[parameters('networkSecurityGroups_myFrontendNSG_externalid')]"
                            },
                            "serviceEndpoints": [],
                            "delegations": [],
                            "privateEndpointNetworkPolicies": "Disabled",
                            "privateLinkServiceNetworkPolicies": "Enabled"
                        },
                        "type": "Microsoft.Network/virtualNetworks/subnets"
                    },
                    {
                        "name": "myBackendSubnet",
                        "id": "[resourceId('Microsoft.Network/virtualNetworks/subnets', parameters('virtualNetworks_myVNet_name'), 'myBackendSubnet')]",
                        "properties": {
                            "addressPrefix": "10.0.2.0/24",
                            "networkSecurityGroup": {
                                "id": "[parameters('networkSecurityGroups_myBackendNSG_externalid')]"
                            },
                            "serviceEndpoints": [],
                            "delegations": [],
                            "privateEndpointNetworkPolicies": "Disabled",
                            "privateLinkServiceNetworkPolicies": "Enabled"
                        },
                        "type": "Microsoft.Network/virtualNetworks/subnets"
                    }
                ],
                "virtualNetworkPeerings": [],
                "enableDdosProtection": false
            }
        },
        {
            "type": "Microsoft.Network/virtualNetworks/subnets",
            "apiVersion": "2023-06-01",
            "name": "[concat(parameters('virtualNetworks_myVNet_name'), '/myBackendSubnet')]",
            "dependsOn": [
                "[resourceId('Microsoft.Network/virtualNetworks', parameters('virtualNetworks_myVNet_name'))]"
            ],
            "properties": {
                "addressPrefix": "10.0.2.0/24",
                "networkSecurityGroup": {
                    "id": "[parameters('networkSecurityGroups_myBackendNSG_externalid')]"
                },
                "serviceEndpoints": [],
                "delegations": [],
                "privateEndpointNetworkPolicies": "Disabled",
                "privateLinkServiceNetworkPolicies": "Enabled"
            }
        },
        {
            "type": "Microsoft.Network/virtualNetworks/subnets",
            "apiVersion": "2023-06-01",
            "name": "[concat(parameters('virtualNetworks_myVNet_name'), '/myFrontendSubnet')]",
            "dependsOn": [
                "[resourceId('Microsoft.Network/virtualNetworks', parameters('virtualNetworks_myVNet_name'))]"
            ],
            "properties": {
                "addressPrefix": "10.0.1.0/24",
                "networkSecurityGroup": {
                    "id": "[parameters('networkSecurityGroups_myFrontendNSG_externalid')]"
                },
                "serviceEndpoints": [],
                "delegations": [],
                "privateEndpointNetworkPolicies": "Disabled",
                "privateLinkServiceNetworkPolicies": "Enabled"
            }
        }
    ]
}